2021-08-30,2021-08-30,2021-08-31,2021-08-31,2021-08-31,2021-08-31,2021-09-23,2021-09-01
2021-08-30,2021-08-30,2021-08-31,2021-08-31,2021-08-31,2021-08-31,2021-09-23,2021-09-01
2021-08-30,2021-08-30,2021-08-31,2021-08-31,2021-08-31,2021-08-31,2021-09-23,2021-09-01
2021-08-30,2021-08-30,2021-08-31,2021-08-31,2021-08-31,2021-08-31,2021-09-23,2021-09-01
2021-08-30,2021-08-30,2021-08-31,2021-08-31,2021-08-31,2021-08-31,2021-09-23,2021-09-01
2021-08-30,2021-08-30,2021-08-31,2021-08-31,2021-08-31,2021-08-31,2021-09-23,2021-09-01
2021-08-30,2021-08-30,2021-08-31,2021-08-31,2021-08-31,2021-08-31,2021-09-23,2021-09-01
2021-08-30,2021-08-30,2021-08-31,2021-08-31,2021-08-31,2021-08-31,2021-09-23,2021-09-01
2021-08-30,2021-08-30,2021-08-31,2021-08-31,2021-08-31,2021-08-31,2021-09-23,2021-09-01
2021-08-30,2021-08-30,2021-08-31,2021-08-31,2021-08-31,2021-08-31,2021-09-23,2021-09-01
2021-08-30,2021-08-30,2021-08-31,2021-08-31,2021-08-31,2021-08-31,2021-09-23,2021-09-01
2021-08-30,2021-08-30,2021-08-31,2021-08-31,2021-08-31,2021-08-31,2021-09-23,2021-09-01
2021-08-30,2021-08-30,2021-08-31,2021-08-31,2021-08-31,2021-08-31,2021-09-23,2021-09-01
2021-08-30,2021-08-30,2021-08-31,2021-08-31,2021-08-31,2021-08-31,2021-09-23,2021-09-01
2021-08-30,2021-08-30,2021-08-31,2021-08-31,2021-08-31,2021-08-31,2021-09-23,2021-09-01
2021-08-30,2021-08-30,2021-08-31,2021-08-31,2021-08-31,2021-08-31,2021-09-23,2021-09-01
2021-08-30,2021-08-30,2021-08-31,2021-08-31,2021-08-31,2021-08-31,2021-09-23,2021-09-01
2021-08-30,2021-08-30,2021-08-31,2021-08-31,2021-08-31,2021-08-31,2021-09-23,2021-09-01
2021-08-30,2021-08-30,2021-08-31,2021-08-31,2021-08-31,2021-08-31,2021-09-23,2021-09-01
2021-08-30,2021-08-30,2021-08-31,2021-08-31,2021-08-31,2021-08-31,2021-09-23,2021-09-01
2021-08-30,2021-08-30,2021-08-31,2021-08-31,2021-08-31,2021-08-31,2021-09-23,2021-09-01
2021-08-30,2021-08-30,2021-08-31,2021-08-31,2021-08-31,2021-08-31,2021-09-23,2021-09-01
2021-08-30,2021-08-30,2021-08-31,2021-08-31,2021-08-31,2021-08-31,2021-09-23,2021-09-01
2021-08-30,2021-08-30,2021-08-31,2021-08-31,2021-08-31,2021-08-31,2021-09-23,2021-09-01
2021-08-30,2021-08-30,2021-08-31,2021-08-31,2021-08-31,2021-08-31,2021-09-23,2021-09-01
2021-08-30,2021-08-30,2021-08-31,2021-08-31,2021-08-31,2021-08-31,2021-09-23,2021-09-01
2021-08-30,2021-08-30,2021-08-31,2021-08-31,2021-08-31,2021-08-31,2021-09-23,2021-09-01
2021-08-30,2021-08-30,2021-08-31,2021-08-31,2021-08-31,2021-08-31,2021-09-23,2021-09-01
2021-08-30,2021-08-30,2021-08-31,2021-08-31,2021-08-31,2021-08-31,2021-09-23,2021-09-01
2021-08-30,2021-08-30,2021-08-31,2021-08-31,2021-08-31,2021-08-31,2021-09-23,2021-09-01
2021-08-30,2021-08-30,2021-08-31,2021-08-31,2021-08-31,2021-08-31,2021-09-23,2021-09-01
2021-08-30,2021-08-30,2021-08-31,2021-08-31,2021-08-31,2021-08-31,2021-09-23,2021-09-01
2021-08-30,2021-08-30,2021-08-31,2021-08-31,2021-08-31,2021-08-31,2021-09-23,2021-09-01
2021-08-30,2021-08-30,2021-08-31,2021-08-31,2021-08-31,2021-08-31,2021-09-23,2021-09-01
2021-08-30,2021-08-30,2021-08-31,2021-08-31,2021-08-31,2021-08-31,2021-09-23,2021-09-01
2021-08-30,2021-08-30,2021-08-31,2021-08-31,2021-08-31,2021-08-31,2021-09-23,2021-09-01
2021-08-30,2021-08-30,2021-08-31,2021-08-31,2021-08-31,2021-08-31,2021-09-23,2021-09-01
2021-08-30,2021-08-30,2021-08-31,2021-08-31,2021-08-31,2021-08-31,2021-09-23,2021-09-01
2021-08-30,2021-08-30,2021-08-31,2021-08-31,2021-08-31,2021-08-31,2021-09-23,2021-09-01
2021-08-30,2021-08-30,2021-08-31,2021-08-31,2021-08-31,2021-08-31,2021-09-23,2021-09-01
2021-08-30,2021-08-30,2021-08-31,2021-08-31,2021-08-31,2021-08-31,2021-09-23,2021-09-01
2021-08-30,2021-08-30,2021-08-31,2021-08-31,2021-08-31,2021-08-31,2021-09-23,2021-09-01
2021-08-30,2021-08-30,2021-08-31,2021-08-31,2021-08-31,2021-08-31,2021-09-23,2021-09-01
2021-08-30,2021-08-30,2021-08-31,2021-08-31,2021-08-31,2021-08-31,2021-09-23,2021-09-01
2021-08-30,2021-08-30,2021-08-31,2021-08-31,2021-08-31,2021-08-31,2021-09-23,2021-09-01
2021-08-30,2021-08-30,2021-08-31,2021-08-31,2021-08-31,2021-08-31,2021-09-23,2021-09-01
2021-08-30,2021-08-30,2021-08-31,2021-08-31,2021-08-31,2021-08-31,2021-09-23,2021-09-01
2021-08-30,2021-08-30,2021-08-31,2021-08-31,2021-08-31,2021-08-31,2021-09-23,2021-09-01
2021-08-30,2021-08-30,2021-08-31,2021-08-31,2021-08-31,2021-08-31,2021-09-23,2021-09-01
2021-08-30,2021-08-30,2021-08-31,2021-08-31,2021-08-31,2021-08-31,2021-09-23,2021-09-01
2021-08-30,2021-08-30,2021-08-31,2021-08-31,2021-08-31,2021-08-31,2021-09-23,2021-09-01
2021-08-30,2021-08-30,2021-08-31,2021-08-31,2021-08-31,2021-08-31,2021-09-23,2021-09-01
2021-08-30,2021-08-30,2021-08-31,2021-08-31,2021-08-31,2021-08-31,2021-09-23,2021-09-01
2021-08-30,2021-08-30,2021-08-31,2021-08-31,2021-08-31,2021-08-31,2021-09-23,2021-09-01
2021-08-30,2021-08-30,2021-08-31,2021-08-31,2021-08-31,2021-08-31,2021-09-23,2021-09-01
2021-08-30,2021-08-30,2021-08-31,2021-08-31,2021-08-31,2021-08-31,2021-09-23,2021-09-01
2021-08-30,2021-08-30,2021-08-31,2021-08-31,2021-08-31,2021-08-31,2021-09-23,2021-09-01
2021-08-30,2021-08-30,2021-08-31,2021-08-31,2021-08-31,2021-08-31,2021-09-23,2021-09-01
2021-08-30,2021-08-30,2021-08-31,2021-08-31,2021-08-31,2021-08-31,2021-09-23,2021-09-01
2021-08-30,2021-08-30,2021-08-31,2021-08-31,2021-08-31,2021-08-31,2021-09-23,2021-09-01
2021-08-30,2021-08-30,2021-08-31,2021-08-31,2021-08-31,2021-08-31,2021-09-23,2021-09-01
2021-08-30,2021-08-30,2021-08-31,2021-08-31,2021-08-31,2021-08-31,2021-09-23,2021-09-01
2021-08-30,2021-08-30,2021-08-31,2021-08-31,2021-08-31,2021-08-31,2021-09-23,2021-09-01
2021-08-30,2021-08-30,2021-08-31,2021-08-31,2021-08-31,2021-08-31,2021-09-23,2021-09-01
2021-08-30,2021-08-30,2021-08-31,2021-08-31,2021-08-31,2021-08-31,2021-09-23,2021-09-01
2021-08-30,2021-08-30,2021-08-31,2021-08-31,2021-08-31,2021-08-31,2021-09-23,2021-09-01
2021-08-30,2021-08-30,2021-08-31,2021-08-31,2021-08-31,2021-08-31,2021-09-23,2021-09-01
2021-08-30,2021-08-30,2021-08-31,2021-08-31,2021-08-31,2021-08-31,2021-09-23,2021-09-01
2021-08-30,2021-08-30,2021-08-31,2021-08-31,2021-08-31,2021-08-31,2021-09-23,2021-09-01
2021-08-30,2021-08-30,2021-08-31,2021-08-31,2021-08-31,2021-08-31,2021-09-23,2021-09-01
2021-08-30,2021-08-30,2021-08-31,2021-08-31,2021-08-31,2021-08-31,2021-09-23,2021-09-01
2021-08-30,2021-08-30,2021-08-31,2021-08-31,2021-08-31,2021-08-31,2021-09-23,2021-09-01
2021-08-30,2021-08-30,2021-08-31,2021-08-31,2021-08-31,2021-08-31,2021-09-23,2021-09-01
2021-08-30,2021-08-30,2021-08-31,2021-08-31,2021-08-31,2021-08-31,2021-09-23,2021-09-01
2021-08-30,2021-08-30,2021-08-31,2021-08-31,2021-08-31,2021-08-31,2021-09-23,2021-09-01
2021-08-30,2021-08-30,2021-08-31,2021-08-31,2021-08-31,2021-08-31,2021-09-23,2021-09-01
2021-08-30,2021-08-30,2021-08-31,2021-08-31,2021-08-31,2021-08-31,2021-09-23,2021-09-01
2021-08-30,2021-08-30,2021-08-31,2021-08-31,2021-08-31,2021-08-31,2021-09-23,2021-09-01
2021-08-30,2021-08-30,2021-08-31,2021-08-31,2021-08-31,2021-08-31,2021-09-23,2021-09-01
2021-08-30,2021-08-30,2021-08-31,2021-08-31,2021-08-31,2021-08-31,2021-09-23,2021-09-01
2021-08-30,2021-08-30,2021-08-31,2021-08-31,2021-08-31,2021-08-31,2021-09-23,2021-09-01
2021-08-30,2021-08-30,2021-08-31,2021-08-31,2021-08-31,2021-08-31,2021-09-23,2021-09-01
2021-08-30,2021-08-30,2021-08-31,2021-08-31,2021-08-31,2021-08-31,2021-09-23,2021-09-01
2021-08-30,2021-08-30,2021-08-31,2021-08-31,2021-08-31,2021-08-31,2021-09-23,2021-09-01
2021-08-30,2021-08-30,2021-08-31,2021-08-31,2021-08-31,2021-08-31,2021-09-23,2021-09-01
2021-08-30,2021-08-30,2021-08-31,2021-08-31,2021-08-31,2021-08-31,2021-09-23,2021-09-01
2021-08-30,2021-08-30,2021-08-31,2021-08-31,2021-08-31,2021-08-31,2021-09-23,2021-09-01
2021-08-30,2021-08-30,2021-08-31,2021-08-31,2021-08-31,2021-08-31,2021-09-23,2021-09-01
2021-08-30,2021-08-30,2021-08-31,2021-08-31,2021-08-31,2021-08-31,2021-09-23,2021-09-01
2021-08-30,2021-08-30,2021-08-31,2021-08-31,2021-08-31,2021-08-31,2021-09-23,2021-09-01
2021-08-30,2021-08-30,2021-08-31,2021-08-31,2021-08-31,2021-08-31,2021-09-23,2021-09-01
2021-08-30,2021-08-30,2021-08-31,2021-08-31,2021-08-31,2021-08-31,2021-09-23,2021-09-01
2021-08-30,2021-08-30,2021-08-31,2021-08-31,2021-08-31,2021-08-31,2021-09-23,2021-09-01
2021-08-30,2021-08-30,2021-08-31,2021-08-31,2021-08-31,2021-08-31,2021-09-23,2021-09-01
2021-08-30,2021-08-30,2021-08-31,2021-08-31,2021-08-31,2021-08-31,2021-09-23,2021-09-01
2021-08-30,2021-08-30,2021-08-31,2021-08-31,2021-08-31,2021-08-31,2021-09-23,2021-09-01
2021-08-30,2021-08-30,2021-08-31,2021-08-31,2021-08-31,2021-08-31,2021-09-23,2021-09-01
2021-08-30,2021-08-30,2021-08-31,2021-08-31,2021-08-31,2021-08-31,2021-09-23,2021-09-01
2021-08-30,2021-08-30,2021-08-31,2021-08-31,2021-08-31,2021-08-31,2021-09-23,2021-09-01
2021-08-30,2021-08-30,2021-08-31,2021-08-31,2021-08-31,2021-08-31,2021-09-23,2021-09-01
2021-08-30,2021-08-30,2021-08-31,2021-08-31,2021-08-31,2021-08-31,2021-09-23,2021-09-01
2021-08-30,2021-08-30,2021-08-31,2021-08-31,2021-08-31,2021-08-31,2021-09-23,2021-09-01
2021-08-30,2021-08-30,2021-08-31,2021-08-31,2021-08-31,2021-08-31,2021-09-23,2021-09-01
2021-08-30,2021-08-30,2021-08-31,2021-08-31,2021-08-31,2021-08-31,2021-09-23,2021-09-01
2021-08-30,2021-08-30,2021-08-31,2021-08-31,2021-08-31,2021-08-31,2021-09-23,2021-09-01
2021-08-30,2021-08-30,2021-08-31,2021-08-31,2021-08-31,2021-08-31,2021-09-23,2021-09-01
2021-08-30,2021-08-30,2021-08-31,2021-08-31,2021-08-31,2021-08-31,2021-09-23,2021-09-01
2021-08-30,2021-08-30,2021-08-31,2021-08-31,2021-08-31,2021-08-31,2021-09-23,2021-09-01
2021-08-30,2021-08-30,2021-08-31,2021-08-31,2021-08-31,2021-08-31,2021-09-23,2021-09-01
2021-08-30,2021-08-30,2021-08-31,2021-08-31,2021-08-31,2021-08-31,2021-09-23,2021-09-01
2021-08-30,2021-08-30,2021-08-31,2021-08-31,2021-08-31,2021-08-31,2021-09-23,2021-09-01
2021-08-30,2021-08-30,2021-08-31,2021-08-31,2021-08-31,2021-08-31,2021-09-23,2021-09-01
2021-08-30,2021-08-30,2021-08-31,2021-08-31,2021-08-31,2021-08-31,2021-09-23,2021-09-01
2021-08-30,2021-08-30,2021-08-31,2021-08-31,2021-08-31,2021-08-31,2021-09-23,2021-09-01
2021-08-30,2021-08-30,2021-08-31,2021-08-31,2021-08-31,2021-08-31,2021-09-23,2021-09-01
2021-08-30,2021-08-30,2021-08-31,2021-08-31,2021-08-31,2021-08-31,2021-09-23,2021-09-01
2021-08-30,2021-08-30,2021-08-31,2021-08-31,2021-08-31,2021-08-31,2021-09-23,2021-09-01
2021-08-30,2021-08-30,2021-08-31,2021-08-31,2021-08-31,2021-08-31,2021-09-23,2021-09-01
2021-08-30,2021-08-30,2021-08-31,2021-08-31,2021-08-31,2021-08-31,2021-09-23,2021-09-01
2021-08-30,2021-08-30,2021-08-31,2021-08-31,2021-08-31,2021-08-31,2021-09-23,2021-09-01
2021-08-30,2021-08-30,2021-08-31,2021-08-31,2021-08-31,2021-08-31,2021-09-23,2021-09-01
2021-08-30,2021-08-30,2021-08-31,2021-08-31,2021-08-31,2021-08-31,2021-09-23,2021-09-01
2021-08-30,2021-08-30,2021-08-31,2021-08-31,2021-08-31,2021-08-31,2021-09-23,2021-09-01
2021-08-30,2021-08-30,2021-08-31,2021-08-31,2021-08-31,2021-08-31,2021-09-23,2021-09-01
2021-08-30,2021-08-30,2021-08-31,2021-08-31,2021-08-31,2021-08-31,2021-09-23,2021-09-01
2021-08-30,2021-08-30,2021-08-31,2021-08-31,2021-08-31,2021-08-31,2021-09-23,2021-09-01
2021-08-30,2021-08-30,2021-08-31,2021-08-31,2021-08-31,2021-08-31,2021-09-23,2021-09-01
2021-08-30,2021-08-30,2021-08-31,2021-08-31,2021-08-31,2021-08-31,2021-09-23,2021-09-01
2021-08-30,2021-08-30,2021-08-31,2021-08-31,2021-08-31,2021-08-31,2021-09-23,2021-09-01
2021-08-30,2021-08-30,2021-08-31,2021-08-31,2021-08-31,2021-08-31,2021-09-23,2021-09-01
2021-08-30,2021-08-30,2021-08-31,2021-08-31,2021-08-31,2021-08-31,2021-09-23,2021-09-01
2021-08-30,2021-08-30,2021-08-31,2021-08-31,2021-08-31,2021-08-31,2021-09-23,2021-09-01
2021-08-30,2021-08-30,2021-08-31,2021-08-31,2021-08-31,2021-08-31,2021-09-23,2021-09-01
2021-08-30,2021-08-30,2021-08-31,2021-08-31,2021-08-31,2021-08-31,2021-09-23,2021-09-01
2021-08-30,2021-08-30,2021-08-31,2021-08-31,2021-08-31,2021-08-31,2021-09-23,2021-09-01
2021-08-30,2021-08-30,2021-08-31,2021-08-31,2021-08-31,2021-08-31,2021-09-23,2021-09-01
2021-08-30,2021-08-30,2021-08-31,2021-08-31,2021-08-31,2021-08-31,2021-09-23,2021-09-01
2021-08-30,2021-08-30,2021-08-31,2021-08-31,2021-08-31,2021-08-31,2021-09-23,2021-09-01
2021-08-30,2021-08-30,2021-08-31,2021-08-31,2021-08-31,2021-08-31,2021-09-23,2021-09-01
2021-08-30,2021-08-30,2021-08-31,2021-08-31,2021-08-31,2021-08-31,2021-09-23,2021-09-01
2021-08-30,2021-08-30,2021-08-31,2021-08-31,2021-08-31,2021-08-31,2021-09-23,2021-09-01
2021-08-30,2021-08-30,2021-08-31,2021-08-31,2021-08-31,2021-08-31,2021-09-23,2021-09-01
2021-08-30,2021-08-30,2021-08-31,2021-08-31,2021-08-31,2021-08-31,2021-09-23,2021-09-01
2021-08-30,2021-08-30,2021-08-31,2021-08-31,2021-08-31,2021-08-31,2021-09-23,2021-09-01
2021-08-30,2021-08-30,2021-08-31,2021-08-31,2021-08-31,2021-08-31,2021-09-23,2021-09-01
2021-08-30,2021-08-30,2021-08-31,2021-08-31,2021-08-31,2021-08-31,2021-09-23,2021-09-01
2021-08-30,2021-08-30,2021-08-31,2021-08-31,2021-08-31,2021-08-31,2021-09-23,2021-09-01
2021-08-30,2021-08-30,2021-08-31,2021-08-31,2021-08-31,2021-08-31,2021-09-23,2021-09-01
2021-08-30,2021-08-30,2021-08-31,2021-08-31,2021-08-31,2021-08-31,2021-09-23,2021-09-01
2021-08-30,2021-08-30,2021-08-31,2021-08-31,2021-08-31,2021-08-31,2021-09-23,2021-09-01
2021-08-30,2021-08-30,2021-08-31,2021-08-31,2021-08-31,2021-08-31,2021-09-23,2021-09-01
2021-08-30,2021-08-30,2021-08-31,2021-08-31,2021-08-31,2021-08-31,2021-09-23,2021-09-01
2021-08-30,2021-08-30,2021-08-31,2021-08-31,2021-08-31,2021-08-31,2021-09-23,2021-09-01
2021-08-30,2021-01-17,2021-08-31,2021-08-31,2021-02-02,2021-08-31,2021-09-23,2021-09-01
2021-08-30,2021-01-17,2021-08-31,2021-08-31,2020-12-21,2021-08-31,2021-09-23,2021-09-01
2021-08-30,2021-01-17,2021-08-31,2021-08-31,2020-09-12,2021-08-31,2021-09-23,2021-09-01
2021-08-30,2021-01-17,2021-08-31,2021-08-31,2020-09-12,2021-08-31,2021-09-23,2021-09-16
2021-08-30,2021-01-17,2021-08-31,2021-08-31,2020-09-12,2021-08-31,2021-09-23,2021-09-16
2021-08-30,2021-01-17,2021-08-31,2021-08-31,2020-09-12,2021-08-31,2021-09-23,2021-09-16
2021-08-30,2021-01-17,2021-08-31,2021-09-02,2020-09-12,2021-08-31,2021-09-23,2021-09-16
2021-09-22,2021-01-17,2021-08-31,2021-09-02,2020-09-12,2021-08-31,2021-09-23,2021-09-16
2021-09-22,2021-01-17,2021-08-31,2021-09-02,2020-09-12,2021-08-31,2021-09-23,2021-09-16
2021-09-22,2021-01-17,2021-08-31,2021-09-02,2020-09-12,2021-08-31,2021-09-23,2021-09-16
2021-09-22,2021-01-17,2021-08-31,2021-09-02,2020-09-12,2021-08-31,2021-09-23,2021-09-16
2021-09-22,2021-01-17,2021-08-31,2021-09-02,2020-09-12,2021-08-31,2021-09-23,2021-09-16
2021-09-22,2021-01-17,2021-08-31,2021-09-02,2020-09-12,2021-08-31,2021-09-23,2021-09-16
2021-09-22,2021-01-17,2021-08-31,2021-09-02,2020-09-12,2021-08-31,2021-09-23,2021-09-16
2021-09-22,2021-01-17,2021-08-31,2021-09-02,2020-09-12,2021-08-31,2021-09-23,2021-09-16
2021-08-10,2021-01-17,2021-08-31,2021-09-02,2020-09-12,2021-08-31,2021-09-23,2021-09-16
2021-02-18,2021-01-17,2021-08-31,2021-09-02,2020-09-12,2021-08-31,2021-09-23,2021-09-16
